x,y,Region
4.993428306022466,3.723471397657631,Red
5.295377076201385,7.046059712816051,Red
3.531693250553328,3.531726086101639,Red
7.158425631014783,5.534869458305818,Red
3.0610512281300957,5.085120087171929,Red
3.0731646143750755,3.068540492859486,Red
4.483924543132068,0.17343951068440422,Red
0.5501643349739345,2.8754249415180544,Red
1.9743377593311524,4.628494665190548,Red
2.1839518489575784,1.175392597329417,Red
6.931297537843108,3.5484473990269287,Red
4.1350564093758475,1.1505036275730864,Red
2.9112345509496347,4.2218451794197325,Red
1.6980128451553944,4.751396036691344,Red
2.79872262016239,3.4166125004134464,Red
2.796586775541206,7.704556369017876,Red
3.973005550524132,1.8845781420881993,Red
5.645089824206378,1.5583127000579555,Red
4.4177271900095105,0.08065975224044886,Red
1.343627902203139,4.393722471738247,Red
5.476933159990821,4.342736562379941,Red
3.768703435223519,3.3977926088214225,Red
1.0429560192651453,2.5603115832105825,Red
3.078722458080425,6.114244452437831,Red
4.687236579136923,0.4739196892745321,Red
4.64816793878959,3.229835439167367,Red
2.6461559993880828,5.2233525776817356,Red
6.061999044991902,5.862560238232398,Red
2.3215649535547227,3.3815752482975707,Red
4.662526862807128,5.951090254244718,Red
3.04165152430942,3.628682046672366,Red
1.7873300519879436,1.6075867518386584,Red
5.625051644788396,6.712480057141645,Red
3.855979756839332,6.007065795784048,Red
4.723272050095268,2.7097604907897512,Red
4.722791211016828,7.076073132931938,Red
3.9283479217800967,7.129287311628012,Red
-1.2394902081794887,5.643805008750448,Red
4.174094136476342,3.401985299068265,Red
4.183521553071005,0.0248621707982144,Red
3.560656224324976,4.7142251430234925,Red
6.955788089483033,2.9634595634527052,Red
2.3830127942136246,2.996485912830927,Red
5.830804235404148,4.657502219319369,Red
2.9404795924659224,5.026534866226712,Red
4.194155098696081,5.937289981065779,Red
2.5958938122452953,3.3446757068044635,Red
3.215783693735685,1.0729701037357628,Red
4.592240554129152,4.522110544359778,Red
4.010226913284922,3.5308257332497064,Red
1.1692585158991715,3.158709354469282,Red
3.314570966946461,2.395445461556762,Red
3.6774285766679817,4.8081017136290765,Red
7.772371802421061,4.349155625663678,Red
4.515100781445529,3.8511081684676656,Red
0.16245756940191702,3.946972249101566,Red
4.120460419882053,8.926484224970572,Red
3.615278070437755,4.603094684667225,Red
3.9305764605895135,1.662643924760936,Red
6.285645629030041,5.503866065373549,Red
5.582063894086094,2.181225090410522,Red
6.805588621872198,1.1962978744154382,Red
5.173714187600541,8.380911251619956,Red
2.0189273497386235,2.867404540794456,Red
4.199302730175282,2.9930486917676014,Red
0.8986731378677346,4.137125949612055,Red
1.8753925725477902,4.9471848612703635,Red
2.1611515315323935,7.099868810035079,Red
2.4334934153275256,3.3558769675886486,Red
5.62703443473934,1.5382713671320896,Red
7.4549198692082586,7.614285508564857,Blue
3.785033530877545,5.369267717064608,Blue
7.519765588496847,6.563645743554621,Blue
4.526098578243836,2.3590867738314474,Blue
8.043883131233795,5.5939693464663724,Blue
7.5009857006917535,5.692896418993952,Blue
5.639950556843019,5.464507394322007,Blue
7.586144946597362,3.571297163947264,Blue
10.731549022289514,5.947665841823575,Blue
4.617393005594703,6.313107217267659,Blue
5.050636659545357,6.574169207484904,Blue
9.317191158014808,3.358635363296579,Blue
8.926752258488644,5.825561853872997,Blue
8.64412031998898,8.793585965307894,Blue
6.509223767994259,3.492527671285021,Blue
5.220971140748953,3.3683794300691234,Blue
6.845796581171792,5.682303949633288,Blue
7.553381598660038,6.654366498072047,Blue
7.026003783755814,7.907068154314634,Blue
6.470686333524088,10.440338333179238,Blue
8.251334695530012,3.285684887167435,Blue
4.858215003877776,5.96494483048637,Blue
6.553074429348298,6.428000988184184,Blue
7.94647524914709,4.854342174686255,Blue
5.30641256386319,1.9703055506282707,Blue
6.106970095865957,6.712797588646945,Blue
7.4281874882604075,2.508522442576024,Blue
7.346361851702364,5.770634759457674,Blue
5.232285127597734,5.307450211891056,Blue
7.116417436892,2.714059404338754,Blue
7.715574720696567,6.121569052736469,Blue
9.166102486350553,7.1076041040698055,Blue
4.244661264085818,3.124349920169754,Blue
8.03007053441732,6.027571901824418,Blue
8.030095372612095,12.705462981309442,Blue
8.141781021386334,7.271131280361198,Blue
8.908003526986406,6.302782502611596,Blue
6.369461510719309,6.517938440986535,Blue
5.454349570924856,4.526362786519982,Blue
6.029272904341793,5.163748278772645,Blue
11.629317133347017,1.2654696148165039,Blue
8.372520380749027,1.7745682576206967,Blue
6.056136268421133,7.177901193934732,Blue
7.128560038190925,2.8445104441413878,Blue
5.569392581480064,6.359195497869352,Blue
5.539266736565727,5.43291717916395,Blue
7.091143679807628,3.6967993047883656,Blue
11.28788817865065,6.267838044636022,Blue
2.9497148266847857,5.3729086295388555,Blue
5.676427070463224,6.704866669592448,Blue
5.414958523134599,4.770527117066202,Blue
8.009974557960915,6.731510388340243,Blue
4.599407185888447,4.330997528318103,Blue
6.050109377678088,3.693341534852576,Blue
10.530908480562193,5.809963421921911,Blue
4.478232091329909,6.835723894109552,Blue
11.244312394025266,7.064930521102294,Blue
3.961260068091973,4.031531854267497,Blue
9.533822298373245,3.5846610687624385,Blue
7.887638856292456,6.5492681068586736,Blue
5.146139056843834,4.8809492878764,Blue
0.5174653198618548,2.9512247173314203,Blue
6.494863697213679,2.504433636070301,Blue
10.26482260786327,2.1397172440787346,Blue
6.119911026606032,5.2614811545721825,Blue
9.882546578132231,2.1282756976411212,Blue
9.32632750430992,5.020466122039174,Blue
5.036982697904098,5.924206948526542,Blue
7.39811939114694,3.799566245682411,Blue
7.139604169980037,4.22937280627648,Blue
5.727034690502496,9.324261349042093,Yellow
8.672033632290704,5.524369002346302,Yellow
9.766066749312532,4.095824400954996,Yellow
5.1964298099288335,9.176634412969154,Yellow
6.061983735470065,6.754600960358813,Yellow
5.0837554992854495,7.013998130682334,Yellow
4.321270486111577,9.69920419404205,Yellow
6.214030971930095,6.614180809478691,Yellow
7.299199750866501,8.614599041753218,Yellow
7.12572423767792,9.259257683847224,Yellow
3.8420099781558554,6.879637919606061,Yellow
6.994587210246523,9.22074053086693,Yellow
5.458196812071704,8.234654766617563,Yellow
8.055329791576849,6.81685722232834,Yellow
6.594194762340075,7.595614695132212,Yellow
5.06463759354556,10.19755370397438,Yellow
7.1508326979760595,9.627019272001277,Yellow
8.110957614308658,8.042007683265519,Yellow
6.863905942589928,7.379466486813088,Yellow
6.148332704976884,7.739713891264631,Yellow
5.693991929985437,9.190314050873827,Yellow
3.8635586335330547,12.184774551370921,Yellow
3.487965237000596,5.571622774424536,Yellow
7.816221747000135,9.583325387925871,Yellow
6.74823963410431,9.25669101852856,Yellow
5.475506454306171,6.205491257028337,Yellow
5.651609116387453,6.645676576975776,Yellow
7.4502394668355025,7.705885236995723,Yellow
3.849005606414977,7.357228316694013,Yellow
6.325862908551248,6.872550894392051,Yellow
3.8555592088671373,8.487374422983825,Yellow
5.9899331422174455,6.9861136492577405,Yellow
4.557923388763355,8.464099874715272,Yellow
2.6038313170053518,5.1850724512468895,Yellow
4.063111557495128,7.573105696576306,Yellow
6.121815131196009,10.950712433899104,Yellow
7.2153192464040385,7.680122940073145,Yellow
5.461967584194622,5.994941270724382,Yellow
5.46297372801522,7.422682722159723,Yellow
6.145437120676179,6.345538112895354,Yellow
6.538693028482345,11.065477826005155,Yellow
5.282479703086285,8.803423444197882,Yellow
6.880287983422225,7.197559056228328,Yellow
5.948184963620833,8.02518480156359,Yellow
5.695352197097663,6.453980432289067,Yellow
5.549020348517885,8.9959965824909,Yellow
8.402287215590084,9.918541652170413,Yellow
9.806364915023114,6.465304874223901,Yellow
7.244641273441356,8.366684011476703,Yellow
9.879605866435345,6.383403429289697,Yellow
3.8205563156384477,6.801214709111956,Yellow
1.2522085513803862,6.948489956638478,Yellow
3.981734676892604,8.300787572952416,Yellow
6.183511951554319,11.752341678431772,Yellow
7.4008476763721,6.846192688675194,Yellow
3.703170657303284,8.983838343013012,Yellow
2.8595335859587157,11.662917531708707,Yellow
7.858880241442574,7.06164869579059,Yellow
2.073730941818245,10.707744748330825,Yellow
5.270920309494764,10.475632623946924,Yellow
